<?xml version="1.0" encoding="UTF-8" ?>
<!DOCTYPE mapper PUBLIC "-//mybatis.org//DTD Mapper 3.0//EN"
"http://mybatis.org/dtd/mybatis-3-mapper.dtd">

<mapper namespace="com.ncdx.dao.CarDao">
	<resultMap type="com.ncdx.pojo.Car" id="carAndUser">
    	<id column="ID" property="ID"></id>
    	<result column="brand" property="brand"/>
    	<result column="color" property="color"/>
    	<result column="seatingNum" property="seatingNum"/>
    	<result column="oilCon" property="oilCon"/>
    	<result column="dailyRent" property="dailyRent"/>
    	<association property="addedByPeople" column="addedByPeople" javaType="com.ncdx.pojo.Car" select="com.ncdx.dao.UserDao.queryUserById"></association>
    </resultMap>
    
    <!-- 根据id查询权限 -->
	 <select id="queryAllCar" resultMap="carAndUser">
	 	select * from cars
	 </select>
	 <!-- 根据id查询权限 -->
	 <select id="queryCarById" resultMap="carAndUser" resultType="com.ncdx.pojo.Car" parameterType="int">
	 	select * from cars where ID=#{ID}
	 </select>
	 <!-- 添加权限 -->
	 <insert id="addCar" parameterType="com.ncdx.pojo.Car">
	 	insert into cars (brand, color, seatingNum,oilCon,dailyRent,addedByPeople) values (#{brand},#{color},#{seatingNum},#{oilCon},#{dailyRent},#{addedByPeople.ID})
	 </insert>
	 <!-- 根据id删除权限 -->
	 <delete id="deleteCar" parameterType="int">
	 	delete from cars where ID=#{ID}
	 </delete>
</mapper>
