﻿<?xml version="1.0" encoding="UTF-8" ?>
<!DOCTYPE configuration PUBLIC "-//mybatis.org//DTD Config 3.0//EN"
"http://mybatis.org/dtd/mybatis-3-config.dtd">
<configuration>
	<!-- 加载外部的jdbc.properteis文件 -->
	<!-- <properties resource="jdbc.properties"></properties> -->
	
	<environments default="development">
		
		<environment id="development">
			<!-- 使用JDBC的事务管理方式 -->
			<transactionManager type="JDBC"></transactionManager>
			<!-- 使用mybatis自己的连接池 -->
			<dataSource type="POOLED">
	 			<property name="driver" value="com.mysql.jdbc.Driver"/>
					<property name="url" value="jdbc:mysql://localhost:3306/car"/>
					<property name="username" value="root"/>
					<property name="password" value="123"/>
			</dataSource>
		</environment>
		
	</environments>
	
	<mappers>
		<mapper resource="com/ncdx/dao/CarMapper.xml"/>
		<mapper resource="com/ncdx/dao/UserMapper.xml"/>
	</mappers>
	
</configuration>